,Arabic,Chinese (Simplified),Haitian Creole,Korean,Russian,Spanish,Tagalog/Filipino,Vietnamese
claude-opus-4.5,0.8889351493318415,0.8607703659332339,0.9061270470103485,0.8590862525819836,0.8604504206733424,0.9188465833533653,0.9067619808879903,0.8779841227374868
gemini-3-pro,0.8603333794593784,0.8307872057483373,0.8521840375722373,0.81918856148406,0.824742188886981,0.8943121417550876,0.8739897927172112,0.8426655674349502
gpt-5.1,0.8748491989083068,0.8480655376655577,0.8923091566336027,0.8356828925510823,0.8536957344722477,0.8903995964080814,0.8880526348141298,0.8723121045961798
kimi-k2,0.858759509500297,0.8378779972352992,0.8419698956775792,0.8076512597616005,0.8136922373435473,0.8787685138532608,0.8686191115130656,0.8397068978145166
